3,atRZnDx@gmail.com,433-358-6676,123@gmail.com,True
16,AZNbvXO@gmail.com,113-375-8738,123@gmail.com,True
10,CCtVeWi@gmail.com,139-128-2219,123@gmail.com,True
18,fhrAbtJ@gmail.com,699-115-7723,123@gmail.com,True
23,FTGLUrA@gmail.com,363-657-5858,123@gmail.com,True
24,FYtufkc@gmail.com,422-517-2175,123@gmail.com,True
4,GYhUWcN@gmail.com,811-311-6296,123@gmail.com,True
2,KXqhOUv@gmail.com,456-514-6835,123@gmail.com,True
9,LpJbDlX@gmail.com,455-548-9998,123@gmail.com,True
26,LRQaFwA@gmail.com,929-584-3025,123@gmail.com,True
20,mLtWmhW@gmail.com,611-579-8266,123@gmail.com,True
27,MuttCPe@gmail.com,893-606-1825,123@gmail.com,True
22,MWmiiWp@gmail.com,715-129-8191,123@gmail.com,True
17,oBsGdvV@gmail.com,695-660-4728,123@gmail.com,True
13,oVfdtlQ@gmail.com,683-444-9347,123@gmail.com,True
21,ppsExfv@gmail.com,601-030-6775,123@gmail.com,True
0,qHtANcq@gmail.com,746-159-0356,123@gmail.com,True
12,qyXerLh@gmail.com,816-750-0613,123@gmail.com,True
25,RGGpkQw@gmail.com,479-664-9141,123@gmail.com,True
19,sGxInqR@gmail.com,370-620-3130,123@gmail.com,True
8,srJqCMW@gmail.com,331-512-5405,123@gmail.com,True
11,Uoebyih@gmail.com,456-696-3086,123@gmail.com,True
29,uWWYZAe@gmail.com,406-361-6596,123@gmail.com,True
5,vLbgaip@gmail.com,550-240-1579,123@gmail.com,True
6,vtdgDPP@gmail.com,427-782-8967,123@gmail.com,True
28,Wvtapzm@gmail.com,413-124-9763,123@gmail.com,True
14,xnBWfLh@gmail.com,197-845-9856,123@gmail.com,True
7,zAabFer@gmail.com,703-593-9920,123@gmail.com,True
1,ZbenvtF@gmail.com,327-473-5351,123@gmail.com,True
15,ZIgDKUv@gmail.com,281-247-9145,123@gmail.com,True
